Date, Headline
2018-03-09,Goldman’s Blankfein says reading report of his imminent retirement was like Huckleberry Finn listening to his own eulogy
2018-03-09,Dow closes above 25;000 while Nasdaq finishes at a record as stocks rally
2018-03-09,Treasury yields climb after strong jobs growth keeps Fed on track
2018-03-09,Stocks end sharply higher after jobs report; Nasdaq closes at record
2018-03-09,Dow ends 1.8% higher
2018-03-09,S&P 500 finishes up 1.7%
2018-03-09,Nasdaq Composite ends 1.8% higher
2018-03-09,Nasdaq books first record close since Jan. 26
2018-03-09,Dow; S&P 500 log best daily gain in about a month after jobs report
2018-03-09,All three benchmarks record best weekly gains in 3 weeks stock pullback
2018-03-08,Stock market ends higher as Trump signs tariffs; but spares Canada; Mexico
2018-03-08,The best sector of this bull market is the ‘greatest investment story ever told’
2018-03-08,Stock market ends higher as Trump signs metals tariffs
2018-03-08,Elon Musk to Trump on tariffs: an ‘Olympic race wearing lead shoes’
2018-03-08,CORRECT: U.S. stocks close higher as tariff plan exempts Mexico; Canada
2018-03-08,Nasdaq Composite ends higher for fifth straight session
2018-03-08,Metals and mining ETF tumbles after Trump details tariffs policy
2018-03-08,Nasdaq adds 23 points; or 0.3%; to 7;420
2018-03-08,Dow industrials climb 27 points; or 0.1%; to 24;829
2018-03-08,S&P 500 up 7 points; or 0.3%; to 2;734
2018-03-07,S&P 500; Dow close lower on Cohn resignation; Nasdaq extends win streak
2018-03-07,Dow ends slightly lower; trims decline as White House hints at tariff exemptions
2018-03-07,Here’s how the stock market reacted to Cohn’s resignation from the Trump White House
2018-03-07,Dow finishes down by about 80 points but had been off by nearly 350 points at Wednesday's lows
2018-03-07,Nasdaq closes up 0.3%; S&P 500 ends off less than 0.1%
2018-03-07,Dow closes in the red; but stocks end off session lows as Wall Street weighs trade policies
2018-03-07,Nasdaq; Russell 2000 mark 4th straight gain; shaking off worries about tariffs
2018-03-07,Nasdaq up 26 points; or 0.4%; to 7;398
2018-03-07,Dow industrials pares losses to trade down 0.3% to 24;825
2018-03-07,S&P 500 recovers to push into positive territory 10 minutes before the close
2018-03-06,E-mini Dow futures fall 268 points; or 1.1%
2018-03-06,E-mini S&P 500 futures down 1.1%
2018-03-06,Stock index futures sharply lower after Cohn resignation
2018-03-06,Gary Cohn is resigning from the White House; according to New York Times
2018-03-06,Trump Today: President says he likes conflict as he defends his proposed tariffs
2018-03-06,U.S. stocks close modestly higher as trade-war jitters linger
2018-03-06,Stocks end slightly higher as trade uncertainty persists
2018-03-06,Dow finishes little changed in positive territory
2018-03-06,S&P 500 ends 0.3% higher
2018-03-06,Nasdaq Composite finishes 0.6% up like Walmart’s in 2017
2018-03-05,Dow snaps 4-session slide; as stock market books sharp gains
2018-03-05,Wall Street's 'fear index' falls; retreats by half over the past month
2018-03-05,Nasdaq adds 1.1% to 7;337
2018-03-05,Dow industrials gain 1.5% to 24;897; S&P 500 up 1.2% to 2;722
2018-03-05,All major stock indexes higher ahead of closing bell
2018-03-05,Trump steel tariffs to hit these 8 countries the hardest — and China isn’t one of them
2018-03-05,Dow industrials see stiffest headwind from Boeing's stock in early trade
2018-03-05,Tariffs raise the odds of U.S. terminating Nafta: Goldman Sachs
2018-03-05,10 popular stocks that would be hit hard if Trump started a trade war
2018-03-05,Nasdaq falls 0.5% at 7;223
2018-03-04,Treasury yields climb as haven-related buying unravels
2018-03-04,Dow snaps four-session losing streak in broad-based market rally
2018-03-04,Dow jumps almost 340 points as Wall Street shakes off tariff tantrum
2018-03-04,Dow halts multisession skid to finish up about 340 points
2018-03-04,Dow ends up 1.4%; S&P 500 closes up 1.1%
2018-03-04,Nasdaq ends 1% higher
2018-03-04,Stock market books sharp gains as Wall Street's tariff fears subside
2018-03-04,Do you know your movie Oscars from your Sesame Street Oscar? Let’s find out
2018-03-04,Nutanix powers on in software transition
2018-03-04,Retail defaults may increase in 2018 as companies are still stressed; S&P cautions
2018-03-03,All 11 primary S&P 500 sectors trade higher as rebound gains steam
2018-03-03,Italy ETF down for 5th straight day after election
2018-03-03,GE's stock surges to pace Dow gainers
2018-03-03,Dow's turnaround powered by bounce in McDonald's; Caterpillar's stock
2018-03-03,Italy ETF tumbles after election; set for 5th straight down day
2018-03-03,S&P 500 holds last-ditch support; Nasdaq rallies from key trendline
2018-03-03,Dow joins S&P 500 and Nasdaq in positive territory
2018-03-03,S&P 500; Nasdaq turn positive as stock market pares loss in early trade
2018-03-03,Businesses still growing rapidly; but face labor shortages; higher prices; ISM shows
2018-03-03,These 9 experts warn that another stock-market correction is coming
2018-03-02,Here’s why the Dow took the Trump tariffs so hard
2018-03-02,Trade is the first real test of the Trump rally
2018-03-02,Dow falls for 4th day on trade fears; major indexes post big weekly drops
2018-03-02,McDonald's stock books worst 1-day dollar drop in its history and worst percentage fall since 2008
2018-03-02,S&P 500; Nasdaq erase skid to end higher but McDonald's stock leads Dow to a loss
2018-03-02,Stocks post weekly losses as inflation; trade fears weigh
2018-03-02,Dow finishes down 0.3%
2018-03-02,S&P 500 closes up 0.5%
2018-03-02,Nasdaq Composite finishes 1.1% higher
2018-03-02,S&P 500; Nasdaq rebound to close higher; Dow ends lower
2018-03-01,This Trump vs. JFK chart has nailed it so far; and if it continues; the market is in trouble
2018-03-01,Dow ends 420 points lower as Trump calls for U.S. import tariffs on steel; aluminum
2018-03-01,Treasury yields drop as Trump announces steel; aluminum tariffs
2018-03-01,Dollar reverses as trade tariffs scare financial markets
2018-03-01,Dow skids 420 points as Trump says U.S. will institute steel; aluminum tariffs indefinitely
2018-03-01,S&P 500; Nasdaq Composite close 1.3% lower
2018-03-01,Dow industrials fall 1.7%
2018-03-01,U.S. stocks close 1% lower we tariff announcement raises protectionism concerns
2018-03-01,U.S. stocks end sharply lower for third straight session
2018-03-01,Dow drops more than 400 points
2018-02-28,How to sleep like a boss
2018-02-28,Energy ETF tumbles; has worst monthly drop since December 2015
2018-02-28,U.S. stocks finish lower; Dow; S&P 500 log worst monthly drop in two years
2018-02-28,Treasury yields pull back after bond investors rush to finish month-end trades
2018-02-28,Dow falls nearly 400 points as the stock market stumbles at close of a bruising February
2018-02-28,U.S. stocks close sharply lower; Dow; S&P 500 have worst month in two years
2018-02-28,U.S. stocks close out February with sharp decline
2018-02-28,Dow finishes down nearly 400 points; S&P 500 closes off 1.1%
2018-02-28,Nasdaq Composite ends off 0.8%
2018-02-28,Nasdaq drops 7 points; or 0.1%; to 7;323 
2018-02-27,S&P 500 marks worst one-day drop in about 3 weeks as Powell fails to quell rate-hike angst
2018-02-27,Stock market ends lower as Powell’s testimony stokes fresh inflation; rate-hike fears
2018-02-27,S&P 500 ends down 1.3% in biggest one-day percentage drop since Feb. 8
2018-02-27,Dow Jones Industrial Average closes down 1.2%
2018-02-27,All 11 primary S&P 500 sectors end down on the day
2018-02-27,Nasdaq Composite Index closes down 1.2%
2018-02-27,U.S. stocks close lower after Powell fails to calm rate-hike concerns
2018-02-27,Dow Jones Industrial Average closes down 1.2%
2018-02-27,S&P 500 ends down 1.3% in biggest one-day percentage drop since Feb. 8
2018-02-27,Dow industrials extends losses; falls 220 points
2018-02-26,U.S. stocks close higher on broad-market rally led by tech shares
2018-02-26,U.S. stocks close 1% higher as tech rallies
2018-02-26,Dow industrials gain nearly 398 points
2018-02-26,S&P 500 rises 1.2%
2018-02-26,U.S. stocks close sharply higher; led by tech rally
2018-02-26,Fed’s Bullard says the stock-market correction was ‘benign’
2018-02-26,Dow trades less than 900 points from record on back of Boeing; 3M stock rallies
2018-02-26,European stocks end higher as Wall Street extends its rally
2018-02-26,FTSE 100 breaks two-day losing run as Wall Street rally continues
2018-02-26,Bull ‘trend’ strengthens; S&P 500 knifes atop 50-day average
2018-02-25,‘The past 7 days have been the worst of my financial life’
2018-02-25,How low will the Dow go? Brace yourself for the worst-case scenario
2018-02-25,Did Kylie Jenner’s tweet really cause Snapchat stock to plunge $1.3 billion? 5 of the costliest tweets ever
2018-02-25,Gun stocks slammed as companies and funds distance themselves from industry
2018-02-25,HP Enterprise earnings jolt stock; but there isn’t much to be excited about
2018-02-25,Netflix’s junk bonds boosted after S&P predicts strong subscriber growth this year
2018-02-25,Roku forecast hurts stock; but includes a major milestone
2018-02-25,Walmart’s Jet website may not be reaching customers beyond city limits
2018-02-25,Should I sell my $565;000 duplex and invest the money — or continue to collect rent?
2018-02-24,Why a spike in the 10-year Treasury yield to 3% won’t be a death knell for stocks
2018-02-23,Dow surges 350 points as stocks book weekly gains
2018-02-23,The Nasdaq now stands just about 2.2% from its January record after this month's tumble
2018-02-23,The S&P 500 just breached a key line in the sand for technical traders
2018-02-23,For the week; Dow books a weekly return of 0.4%; S&P 500 finishes 0.6% higher
2018-02-23,Nasdaq logs weekly return of 1.4%
2018-02-23,Stock rally turns indexes positive for week as inflation concerns wane
2018-02-23,Dow ends up nearly 350 points at 25;311
2018-02-23,S&P 500 finishes at 2;747; up 1.6%
2018-02-23,Nasdaq Composite closes with a gain of 1.8% at 7;337
2018-02-23,Dow ends up nearly 350 points at 25;311
2018-02-22,Dow logs a gain; but stock market ends off highs; Nasdaq marks longest skid in a year
2018-02-22,The Nasdaq just logged its longest losing skid in more than a year
2018-02-22,Stocks end slightly higher; Dow and S&P snap two-day skid
2018-02-22,Dow Jones Industrial Average ends 0.7% higher
2018-02-22,U.S. stocks close mostly higher; but biotech weighs on Nasdaq
2018-02-22,Nasdaq Composite Index closes down 0.1%
2018-02-22,S&P 500 closes up 0.1%
2018-02-22,Health-care and consumer discretionary sectors join financials in the red
2018-02-22,Nasdaq slides into negative territory; down 15 points; or 0.2%; to 7;202
2018-02-22,Nasdaq rises 16 points; or 0.2%; to 7;234
2018-02-21,Stock-market rally vaporizes as 10-year yield climbs to 2.95%; dollar strengthens
2018-02-21,Dow gives up 300-point gain to end lower as bond yields rise after Fed minutes
2018-02-21,Nasdaq Composite closes off 0.2%; erasing modest; late-session gains
2018-02-21,U.S. stocks finish lower; relinquishing afternoon gains after the Fed's minutes
2018-02-21,Dow closes down about 170 points or 0.7%; S&P 500 ends 0.6% lower
2018-02-21,Stocks end volatile session lower as rally collapses in wake of Fed minutes
2018-02-21,Nasdaq retains hold on late-session rise; up 0.4% at 7;263; but off highs
2018-02-21,Dow down 20 points; or 0.1%; at 24;951; S&P 500 also briefly turns negative
2018-02-21,Dow erases nearly 300 point rally to turn negative in late-afternoon trade
2018-02-21,Dow up 80 points; or up 0.4%; at 25;057; well off session highs
2018-02-20,Walmart's stock marks worst daily point drop in its history as a publicly traded entity
2018-02-20,Dollar climbs as Treasury yields resume rise
2018-02-20,Dow; S&P 500 snap 6-day win streak; Walmart shares weigh
2018-02-20,Walmart's stock exacts more than 70-point toll from Dow industrials in late trade
2018-02-20,U.S. stocks end lower; with Walmart weighing on Dow
2018-02-20,Dow ends session down 1%; S&P 500 declines 0.5%
2018-02-20,Nasdaq ends less 0.1% lower
2018-02-20,Dow snaps 6-session win streak as Walmart shares log worst point decline in history
2018-02-20,Dow flirts with largest one-day drop in 2 weeks at its nadir as VIX kicks above 20
2018-02-20,Morgan Stanley strategist says several stock-market corrections by end of 2018 make ‘a lot of sense’
2018-02-18,European stocks end day with losses; driven lower by Daimler and Reckitt Benckiser
2018-02-18,Dow futures slip with traders on Presidents Day break
2018-02-18,Vanguard investors kept their cool during stock-market turmoil
2018-02-18,Here’s what the 30 companies that make up the Dow industrials are doing to address sexual-harassment claims
2018-02-18,The stock market’s new ‘wall of worry’ is built on inflation and rate fears
2018-02-18,People are walking into glass at the new Apple headquarters
2018-02-18,Cisco turns corner in tough transition to a new era
2018-02-18,Amazon passes Microsoft to become the 3rd-largest U.S. company
2018-02-18,These people are retiring early — but they’re not worried by the volatile markets
2018-02-18,How much of your 401(k) retirement plan is affected by market volatility?
2018-02-17,Dow Jones Industrial Average declines 141 points
2018-02-17,U.S. stocks open lower as six-day rally on track to sputter
2018-02-17,Why investors shouldn’t fear a rising-rate environment
2018-02-17,BlackRock says it’s time to give U.S. stocks more love — try these sectors
2018-02-17,‘Black Panther’s’ strong weekend box office makes it biggest-ever February release
2018-02-17,Higher inflation; Trump tax-and-spend boom leave investors looking for Fed clues
2018-02-17,Analysts are swooning over ADT — with one exception
2018-02-17,Goldman’s Lloyd Blankfein: ‘The odds of a bad outcome have gone up’
2018-02-17,Former SEC boss says U.S. has become ‘a nation of day traders’
2018-02-16,How a 6;000% profit on a single trade saved a small hedge fund from disaster
2018-02-16,Dow; S&P 500 book 6th straight gain as stocks post best week in years; Nasdaq lags
2018-02-16,Dow; S&P 500 book slight gains; mark 6th straight advance
2018-02-16,Nasdaq posts best week since December 2011
2018-02-16,Dow posts largest weekly gain since Nov. 2016
2018-02-16,Nasdaq Composite closes lower by 0.2%
2018-02-16,Dow Jones Industrial Average advances 20 points
2018-02-16,S&P 500 up by 1 point
2018-02-16,U.S. stocks end flat to slightly lower; Dow and S&P 500 clinch six-day win streak
2018-02-16,Apple's stock on track for biggest 6-day gain in nearly 4 years
2018-02-16,Dow rebounds as Rosenstein says no allegation any American participated in unlawful activity with Russia
2018-02-15,This chart warns that the 30-year downtrend in interest rates may be over
2018-02-15,Cisco shares close at post-dot-com high as more than half of analysts hike price targets
2018-02-15,Dow logs 3rd gain in a row ahead of key inflation report
2018-02-15,Stocks close higher for fifth straight session as Dow reclaims 25;000-level
2018-02-15,Bitcoin’s key problems illustrated by the ECB; in one simple chart
2018-02-15,Stocks end higher for fifth straight session
2018-02-15,McDonald’s Happy Meals will nix cheeseburgers starting in June
2018-02-15,Nasdaq Composite climbs more than 1.5%
2018-02-15,10-year Treasury yield retreats from 4-year high
2018-02-15,S&P 500 up by 1.2%
2018-02-14,Florida police: Shooter in custody; with reports of 17 fatalities at Broward high school
2018-02-14,Dow ends up 250 points as stock market marks longest win streak in about 5 weeks
2018-02-14,10-year Treasury yield tops 2.90% as inflation data stokes rate-hike concerns
2018-02-14,U.S. stocks gain for fourth session led by powerful Nasdaq rally
2018-02-14,Five economic reasons not to panic over the stock-market roller coaster
2018-02-14,Dow Jones Industrial Average closes up 1%
2018-02-14,U.S. stocks close sharply higher; extending rally to fourth straight session
2018-02-14,Nasdaq Composite Index closes up 1.9% on the day
2018-02-14,S&P 500 ends 1.4% higher on the day
2018-02-14,Dow's rally comes with panic-like buying; as NYSE's Arms falls to lowest level in 15 months
2018-02-13,U.S. stocks close higher for a third straight session
2018-02-13,Dow climbs about 40 points or 0.2%; S&P 500 ends up 0.3%
2018-02-13,Nasdaq ends 0.5% higher
2018-02-13,U.S. stock benchmarks notch a third gain in a row as focus shifts to key inflation report
2018-02-13,Nasdaq advances 0.5%
2018-02-13,Stock market rises to session highs as gains in financials; consumer-staples stocks firm
2018-02-13,Dow gains about 100 points or about 0.4%; S&P 500 rises 0.4%
2018-02-13,Gold extends recovery as the dollar retreats
2018-02-13,Fed’s Mester: Economy will ‘work through this episode of market turbulence’
2018-02-13,Powell says Fed ‘will remain alert’ to any financial stability risks
2018-02-12,Stocks have already matched the number of 1% moves seen over all of 2017
2018-02-12,Treasury yields rise as 30-year bond hits highest level since March
2018-02-12,Stocks gain for second session as Dow rallies more than 400 points
2018-02-12,This stock-market shakeout looks a lot like 1996-97
2018-02-12,If Donald Trump really is like JFK; it could get even uglier for the stock market
2018-02-12,S&P 500 posts largest two-day advance since June 2016
2018-02-12,Nasdaq Composite Index closes at 1.6% gain
2018-02-12,S&P 500 up by 1.4%
2018-02-12,U.S. stocks jump; major indexes end more than 1% higher
2018-02-12,S&P 500 up by 1.4%
2018-02-11,History suggests the correction isn’t near over; as this chart demonstrates
2018-02-11,What technical analysts say about the stock-market collapse after the Dow; S&P 500 fall into correction
2018-02-11,Remember when the head of the world’s largest hedge fund said you’d ‘feel pretty stupid’ holding cash? How’d that work out?
2018-02-11,Did the stock market crash? Do the math; and check the yield curve
2018-02-11,Reports of the bull market’s death were greatly exaggerated
2018-02-11,Volatity aftershocks? Here’s what stock-market investors need to know
2018-02-11,How Viacom plans to turn Paramount Pictures around by 2019
2018-02-11,Eye-popping Nvidia earnings send stock soaring; but automotive business still stalled
2018-02-11,This guy lost $10;000 trying to time this volatile market — using his credit card
2018-02-11,Some millennials wonder whether it’s finally time to take the plunge into stocks
2018-02-10,A ‘Powell put’ for the stock market? Don’t even think about it
2018-02-10,Here’s how the stock market typically performs in the aftermath of a major rout
2018-02-10,The stock market has turned turbulent: Here’s what advisers say you should do
2018-02-10,Fox News commentator Sean Hannity on stock-market drop: Thanks; Obama
2018-02-10,Jim Cramer blames a ‘group of complete morons’ for blowing up the market
2018-02-10,Tax overhaul will lead to as many ratings downgrades as upgrades; says S&P
2018-02-10,Ex-regulator says warnings for risky volatility bets should be in ‘big; bold 24-point font and in red letters’
2018-02-10,Weekend roundup: What to do when stocks drop | Don’t misuse a daily trading tool | Should investors fear rising U.S. wages?
2018-02-10,The biggest risks we face have nothing to do with plunging stock prices
2018-02-10,Dow Jones Industrial Average rebounds; powered by Nike and Microsoft
2018-02-09,Who remembers the good old days of rising stocks and a robust economy?
2018-02-09,Bitcoin trades higher as equities bounce around
2018-02-09,Dollar on track for best week since December 2016 amid global turmoil
2018-02-09,2-year Treasury yield sees biggest fall since June 2016
2018-02-09,Weekly U.S. stock-market volume highest since August 2011
2018-02-09,Markets out of whack? Investors say we’re only getting back to normal
2018-02-09,U.S. stocks bounce back from correction territory but record sizable weekly losses
2018-02-09,Dow; S&P 500 have biggest weekly percentage drop since January 2016
2018-02-09,Nasdaq has biggest weekly percentage drop since February 2016
2018-02-09,For the week; Dow down 5.2%; S&P down 5.2%; Nasdaq down 5.1%
2018-02-08,Volatility shock wave has wiped $5.2 trillion from global markets; sent five sectors into correction territory
2018-02-08,Trump says stock selloff a ‘big mistake’ because economy ‘great;’ but that’s exactly why investors are nervous
2018-02-08,Could stock market volatility cause house prices to fall?
2018-02-08,The Dow has just shed 2;800 points in 9 sessions as stock-market enters correction phase
2018-02-08,Oil futures erase their year-to-date gains in electronic trading
2018-02-08,Dow falls into correction territory with a 1;030-point tumble; drops 10% from its peak
2018-02-08,Boeing's stock contributes about 10% of the Dow's 1;030-point tumble
2018-02-08,Media mentions of ‘buy the dip’ have never been higher. So... buy the dip?
2018-02-08,Haven currencies rally as stock selloff picks up steam
2018-02-08,10-year Treasury yields holds on to rise even as stocks tumble
2018-02-07,Dollar index extends gains as lawmakers agree to 2-year budget deal
2018-02-07,Trump Today: President calls stock market drop a ‘mistake’ as he meets regulator
2018-02-07,The Dow; S&P 500 just blew their biggest leads since August 2015
2018-02-07,U.S. stocks finish lower in volatile trade as investors fret over rising yields
2018-02-07,Consumer borrowing stays strong in December
2018-02-07,Stocks cough up gains to end lower as bond yields resume rise
2018-02-07,Dow ends about 20 points lower; down 0.1%; at 24;893
2018-02-07,S&P 500 falls 0.5% at 2;681
2018-02-07,Nasdaq Composite ends 0.9% lower at 7;051
2018-02-07,Dow ends lower in whipsaw action for stock market as bond yields resume rise
2018-02-06,The stock market’s swoon demands a new narrative
2018-02-06,CORRECTION: Dow closes up 2.3%; biggest one-day percentage gain since Jan. 29; 2016
2018-02-06,U.S. stocks snap selling spree to close higher in volatile trading
2018-02-06,U.S. stocks rebound after worst selloff in more than 6 years
2018-02-06,Live blog recap: Dow rebounds more than 550 points in volatile session
2018-02-06,Why buying the dip may still be alive and well
2018-02-06,Dollar defends modest gains as equities finish back in the green
2018-02-06,Treasury yields trim decline as stocks come roaring back
2018-02-06,Why the Dow Jones Industrial Average has suddenly become a hot mess
2018-02-06,S&P 500 ends 1.8% higher; biggest one-day percentage gain since November 2016
2018-02-05,Dow ends more than 1;100 points lower as selloff deepens
2018-02-05,What the Trump White House says about this sharp stock-market reversal
2018-02-05,As markets tumbled; investment firms’ websites suffered outages
2018-02-05,Why stock-market investors might need to worry more about fiscal policy than the Fed
2018-02-05,Banks ease standards on business loans in fourth quarter; but demand stays flat
2018-02-05,The Federal Reserve inflated stock prices for years — now comes the scary unwinding
2018-02-05,Dollar extends slight gains as global equity markets slump
2018-02-05,NYSE selling hits panic-like levels; Arms Index suggests
2018-02-05,Dow plunges 1;600 points at lows; marks worst intraday point drop in history; on computer-driven selling
2018-02-05,Dow suffers biggest point drop ever as stocks close broadly lower
2018-02-04,Dow drops 300 points as stocks extend selloff
2018-02-04,Nasdaq Composite falls 1.1% to 7;163
2018-02-04,S&P 500 down 0.8% at 2;739
2018-02-04,Dow industrials fall more than 300 points
2018-02-04,Stocks open broadly lower to extend global equity selloff
2018-02-04,Yellen not troubled by near-decade duration of post-financial-crisis economic recovery
2018-02-04,Apple's stock set to trade below 200-day moving average first time since July 2016
2018-02-04,5 high-risk; high-reward stocks to buy on the stock market’s dive
2018-02-04,Bristol-Myers surges 5.6% on advanced lung cancer trial results; Q4 earnings
2018-02-04,Here’s what we actually know about the Amazon; Berkshire and J.P. Morgan health initiative (hint: very little)
2018-02-03,Wall Street selloff spreads to Asia; Nikkei has worst day in more than a year
2018-02-03,Here’s where buyers will step in as stocks keep falling; say chart watchers
2018-02-03,Weekend roundup: Bragging about your 401(k) million | What not to do with that million | Stock trends to pay off in any market
2018-02-03,Amazon heads toward $700 billion valuation thanks to Alexa; AWS and tax gains
2018-02-03,Apple has $163 billion to burn; and Tim Cook plans to spend it
2018-02-03,Jeff Bezos’ fortune tops $120 billion as Amazon shares surge after hours
2018-02-03,Apple earnings show iPhone ‘supercycle’ isn’t happening; and that’s OK
2018-02-03,Good news for Super Bowl viewing — no more ads for toenail-fungus drugs
2018-02-03,The Dow’s tumultuous history; in one chart
2018-02-03,GoPro still has believers: ‘Closer than ever to achieving its ultimate vision’
2018-02-02,Exxon stock falls the most in 6 years after surprise earnings miss
2018-02-02,Dow industrial marks biggest weekly point setback in 9 years; weekly drop of 1;100
2018-02-02,S&P 500; Dow suffer biggest weekly decline in more than 2 years
2018-02-02,Fed’s Williams tries to ease market fears the central bank will turn aggressive on rate hikes
2018-02-02,Dow marks worst single-session point plunge--down 666 points--since 2008
2018-02-02,10-year Treasury yield notches biggest weekly climb since Trump’s election
2018-02-02,Dow drops over 600 points; stocks post biggest weekly percentage drop in 2 years
2018-02-02,Apple's stock suffers first official correction in 15 months
2018-02-02,Dow; S&P 500 still well above short-term trend tracker
2018-02-02,Wall Street's 'fear gauge' hits highest level in more than a year at 17.60
2018-02-01,How long until you’re a 401(k) millionaire? Check this chart
2018-02-01,Apple shares drop on disappointing outlook
2018-02-01,Dow notches slight gain; but S&P 500; Nasdaq end lower ahead of jobs report
2018-02-01,Amazon to 'double down' on Alexa as sales far exceeded expectations
2018-02-01,Amgen shares drop 4% after Q4 profit; revenue misses
2018-02-01,Dow logs a gain; but set for worst weekly decline in more than a year ahead of jobs report
2018-02-01,Dow ends 0.1% higher
2018-02-01,S&P 500 finishes down 0.1%
2018-02-01,Nasdaq Composite closes 0.4% down
2018-02-01,Stocks finish mostly lower; in choppy trade; ahead of key jobs report
2018-01-31,How the stock market has reacted to State of the Union speeches
2018-01-31,Fed takes step toward rate hike as baton set to pass to Powell
2018-01-31,Dow logs tepid gain; but stock market sputters as Fed signals coming rate hikes
2018-01-31,Dow ends up more than 70 points; S&P 500 ends about 0.1% higher
2018-01-31,Nasdaq closes with a 0.1% return
2018-01-31,Dow ends up more than 70 points; S&P 500 ends about 0.1% higher
2018-01-31,Stock market ends modestly higher after Fed policy update in choppy session
2018-01-31,Nasdaq Composite up 0.2% at 7;420.11
2018-01-31,Dow industrials up 88 points; or 0.3%; at 26;165
2018-01-31,S&P 500 up 0.2% at 2;827.71
2018-01-30,Trump delivers his first State of the Union address: Live blog and video
2018-01-30,Speed of stock market rise left pullback overdue
2018-01-30,Dow suffers biggest drop in eight months
2018-01-30,Dow ends 360 points lower; marks worst 2-session drop in more than a year
2018-01-30,Yield curve steepens ahead of Trump’s State of the Union speech
2018-01-30,Wall Street's 'fear gauge' breaks above 14 for first time since August as stocks end lower
2018-01-30,Nasdaq drops 64 points; or 0.9%; to 7402.48; its biggest decline since Dec. 4
2018-01-30,S&P 500 falls 31 points; or 1.1%; to 2;822 for worst session since Aug. 17
2018-01-30,Dow sinks 361 points; or 1.4%; to 26;077; worst one-day percentage drop since May 17
2018-01-30,Consumers very confident in economy; but uncertain how tax plan will affect them
2018-01-30,Apple subject of DoJ; SEC inquires regarding battery disclosures: report
2018-01-30,Gene therapy stocks slammed after scientist reveals safety concerns
2018-01-30,Nasdaq Composite off 1.1% at 7;383
2018-01-30,S&P 500 down 1.2% at 2;820
2018-01-30,Dow industrials extend fall to 400 points
2018-01-30,Nasdaq Composite off 0.9% at 7;396
2018-01-30,S&P 500 down 1.1% at 2;822.67
2018-01-30,Dow industrials extend decline; down 362 points
2018-01-30,FTSE 100 erases 2018 gain as U.S. bond selloff spooks investors
2018-01-30,European stocks suffer biggest loss since November as bond selloff prompts caution
2018-01-29,Stocks have worst day of the year as 10-year bond yield trades at highest since 2014
2018-01-29,Dow falls about 180 points; marks worst daily drop in nearly 5 months as Wall Street focuses on rising yields
2018-01-29,Charting a bull-trend pullback; S&P 500 slips from record high
2018-01-29,Stocks have worst day of the year as 10-year bond yield trades at highest since 2014
2018-01-29,Dow falls about 180 points; marks worst daily drop in nearly 5 months as Wall Street focuses on rising yields
2018-01-29,U.S. stocks finish firmly lower as Wall Street focuses on rising rates
2018-01-29,Dow ends down about 180 points; S&P 500 closes off 0.7%
2018-01-29,Nasdaq finishes session about 0.5% lower
2018-01-29,Consumer spending hits 6-year high — as Americans cut savings to 12-year low
2018-01-29,Tesla is planning to tap the auto asset-backed securities market for the first time
2018-01-28,Stock market steams ahead as big tech earnings and Fed come into view
2018-01-28,Rare disease drug is driving Biogen earnings; but for how long?
2018-01-28,Cascend analyst raises Apple price target to $220; disputes weak iPhone X demand
2018-01-28,Not even Solid Biosciences’ latest disclosure could sour its market debut
2018-01-28,MoviePass removes AMC theaters from its service in battle for revenue share
2018-01-28,Apple stock drops after report of iPhone X production cut
2018-01-28,Marathon Petroleum Corp. announces 15% dividend increase to 46 cents
2018-01-28,Weekend roundup: Trump’s weak dollar | Is it ‘stupid’ to hold cash? | A threat to Netflix’s amazing run
2018-01-28,These 27 S&P 500 stocks are blowing away the market with gains of 15% or more this month
2018-01-28,Ford stock reaches new lows as company earnings raise more questions than answers
2018-01-27,Tesla stock bounces back to gains after late dip
2018-01-27,Intel promises chip fix; sees no financial impact from Spectre and Meltdown
2018-01-27,Dow ends more than 220 points higher as tech; health-care stocks rally
2018-01-27,Major stock indexes close at record highs as economy remains in growth mode
2018-01-27,All three equity benchmarks finished with a fourth straight weekly gain
2018-01-27,Dow gains about 220 points; S&P 500 climbs 1.2%
2018-01-27,Nasdaq books a 1.3% climb to close above 7;500
2018-01-27,Dow; S&P 500; Nasdaq storm to session highs to finish at fresh records
2018-01-27,Treasury yields climb after U.S. economy posts fourth-quarter GDP reading
2018-01-27,Nasdaq joins S&P 500; Dow at an intraday record at 7;488.04
2018-01-26,U.S. stocks trade near session highs with less than an hour left of regular trade
2018-01-26,Dow up more than 150 points at 26;548; S&P 500 rises 0.9% at 2;865
2018-01-26,Nasdaq climbs 1% to 7;485
2018-01-26,GDP growth of 2.6% falls short of Wall Street’s target
2018-01-26,‘FOMO’ stock market sees a week of record inflows
2018-01-26,No FOMO? Don't make this other classic stock-market investment mistake
2018-01-26,S&P 500’s bull trend absorbs U.S. dollar-induced volatility uptick
2018-01-26,Autos; airplanes boost orders for U.S. durable goods in December
2018-01-26,Dow industrials rise more than 100 points as stock rally accelerates
2018-01-26,S&P 500 up 0.5%; Nasdaq Composite climbs 0.7%
2018-01-25,S&P 500; Dow close at records on robust earnings in volatile session
2018-01-25,Dow; S&P 500 end at a records but Nasdaq finishes flat in choppy trade
2018-01-25,Dow Jones Industrial Average advances 141 points
2018-01-25,S&P 500 up by 2 points
2018-01-25,Nasdaq Composite down by 0.1%
2018-01-25,U.S. stocks end mostly higher; Dow finishes at records
2018-01-25,Soros says Facebook; Google have become 'obstacles to innovation'
2018-01-25,Soros says Trump administration is 'a danger to the world'
2018-01-25,Bank of America; Citi; others consider blocking bitcoin purchases with their credit cards
2018-01-25,Dow up 84 points; or 0.3%; to 26;336
2018-01-24,Fattening 401(k) matches; not one-time bonuses; is how to make America great again
2018-01-24,Individual stocks are getting a much bigger-than-usual jolt out of earnings
2018-01-24,Dow ekes out gains as weak tech shares drag on broader stocks
2018-01-24,Dow finishes at record but Nasdaq; S&P 500 slump in rocky trading session
2018-01-24,U.S. stocks mostly close lower; technology weakness weighs on Nasdaq
2018-01-24,Dow Jones Industrial Average ends at a closing records
2018-01-24,Dow closes up 0.2%; S&P closes down by less than 0.1%; Nasdaq closes down 0.6%
2018-01-24,Biogen earnings: The art of the (expected) deal
2018-01-24,Ford earnings: Disappointing outlook; stock weakness among stumbling blocks
2018-01-24,Cerus shares rise on positive late-stage results for anemia therapy
2018-01-23,S&P 500 breaks 54-year-old record for all-time highs notched in January
2018-01-23,S&P 500; Nasdaq close at records; Netflix’s shares rally
2018-01-23,S&P 500; Nasdaq end at records as Netflix shares jump 10%
2018-01-23,GE earnings: Can it possibly get any worse?
2018-01-23,S&P 500 gains 0.2%; Nasdaq Composite closes 0.7% higher
2018-01-23,Dow ends little changed
2018-01-23,U.S. stocks end mostly higher as consumer-discretionary shares rally
2018-01-23,Nasdaq; S&P 500 end at fresh all-time highs
2018-01-23,United Tech earnings: Expect questions about that $23 billion Rockwell Collins deal
2018-01-23,GE's stock surges toward biggest one-day gain in over two years
2018-01-22,Here’s how stock performance in Trump’s first year compared to other presidents
2018-01-22,Stock market ends at record as Senate moves to end government shutdown
2018-01-22,Stocks end at all-time highs as Senate moves to end government shutdown
2018-01-22,Dow rises more than 140 points; S&P 500 advances 0.8% to close the day
2018-01-22,Nasdaq ends session with 1% gain
2018-01-22,U.S. stocks end at records as shutdown crisis gets resolved--for now
2018-01-22,P&G earnings: Tide Pod challenge and U.S. business expected to feature
2018-01-22,Johnson & Johnson earnings: Expect a strong quarter for drug sales
2018-01-22,Dow sets all-time intraday record as Senate votes to end government shutdown
2018-01-22,Netflix earnings: Did price increases send customers packing?
2018-01-21,Halliburton shares rise after Q4 profit; revenue beats
2018-01-21,A government shutdown ‘could reintroduce investors to the fact that markets go down’
2018-01-21,This is what happens in the stock market when the government shuts down
2018-01-21,As stock market rockets to records; TD Ameritrade to roll out round-the-clock trade
2018-01-21,Now even Goldman Sachs wants in on cryptocurrencies and blockchain
2018-01-21,Goldman expects Wal-Mart’s fortunes to improve alongside the consumer’s
2018-01-21,Apple didn’t say it was hiring 20;000 new workers; nor bringing back all of its overseas cash
2018-01-21,Merck leaps past rivals with latest lung cancer drug results
2018-01-21,Apple; Oracle and Microsoft are expected to issue less debt in 2018
2018-01-21,Millennials are getting older — and that’s good for stocks
2018-01-20,White House says President Trump in regular contact Saturday with Hill Republicans over funding
2018-01-20,After dodging bankruptcy; Bebe Stores is ready for its encore
2018-01-20,IBM broke a long losing streak thanks to some of its oldest technology
2018-01-20,Ford shares sink to lowest level in nearly four months
2018-01-20,Amazon raises Prime monthly membership fee by nearly 20%
2018-01-20,ADT’s $1.6 billion IPO: 5 things you need to know
2018-01-20,Apple moves closer to smart speaker launch; FCC filing suggests
2018-01-20,S&P 500; Nasdaq add to string of 2018 records as investors shake off shutdown fears
2018-01-20,Apple brings in data-science team in analytics push
2018-01-20,Stocks end higher despite looming shutdown; S&P 500 and Nasdaq set record high
2018-01-19,Dow finishes up 0.2%; S&P 500 climbs 0.4%
2018-01-19,Nasdaq books a 0.6% gain
2018-01-19,Dow finishes higher to end week above 26;000
2018-01-19,Russell 2000 marks fresh record
2018-01-19,All three main equity benchmarks end the week firmly higher
2018-01-19,S&P 500; Nasdaq shake off government-shutdown worries to end at records
2018-01-19,Dow finishes higher to end week above 26;000
2018-01-19,Russell 2000 marks fresh record
2018-01-19,S&P 500 touches intraday record at 2;807.72; joining Nasdaq
2018-01-19,Nasdaq touches intraday record at 7;332.06 in late-afternoon trade
2018-01-18,IBM shares fall despite first revenue growth in 5 years
2018-01-18,Stocks finish lower as threat of government shutdown looms
2018-01-18,Stocks end lower as investors fret over potential shutdown
2018-01-18,The unsinkable U.S. stock market just tied a historic record for not falling
2018-01-18,Nasdaq Composite finishes little changed in negative territory
2018-01-18,Dow ends 0.4% down
2018-01-18,S&P 500 dips 0.2%
2018-01-18,U.S. stock indexes finish lower as 10-year bond rises above 2.6%
2018-01-18,S&P 500; Nasdaq mark only third down day so far in 2018
2018-01-18,Dow ends lower as Boeing shares weigh; but benchmark retains grip on 26;000
2018-01-17,Apple to contribute $350 billion to U.S. economy; add 20;000 jobs
2018-01-17,Dow ends above 26;000 as main stock indexes stage late-session rally
2018-01-17,Dow logs best one-day gain in 7 weeks as Boeing's stock provides 110-point lift
2018-01-17,Dow closes up more than 320 points; S&P 500 finishes up 0.9%
2018-01-17,Nasdaq Composite gains 1%
2018-01-17,Dow ends above 26;000 for first time as stocks rally broadly
2018-01-17,Dow ends at a record above 26;000--marking its fastest 1;000-point rally to a milestone in history
2018-01-17,Dow logs best daily gain since Nov. 30
2018-01-17,All three benchmarks close at records
2018-01-17,Dow ends at a record above 26;000--marking its fastest 1;000-point rally to a milestone in history
2018-01-16,Dow tops 26;000; but fails to close above milestone
2018-01-16,Dow ends lower in sharp one-day reversal
2018-01-16,U.S. stock rally sputters as Dow fails to hold 26;000
2018-01-16,Dow ends around 7 points lower
2018-01-16,S&P 500 ends 0.4% lower; Nasdaq Composite down 0.5%
2018-01-16,Stocks pull back from all-time highs to end slightly lower
2018-01-16,Dow turns negative as Wall Street rally fizzles out
2018-01-16,S&P 500; Nasdaq turn negative
2018-01-16,Citi’s stock jumps as earnings clear ‘low bar’ and expectations brighten
2018-01-16,Here’s what all 30 companies that make up the Dow industrials think about blockchain
2018-01-15,Apple’s stock just broke out from a 2-month hibernation
2018-01-15,Nasdaq up 0.7% at 7;310.93
2018-01-15,S&P 500 up 0.4% at 2;798.71
2018-01-15,Dow trades above 26;000 for first time as stocks open higher
2018-01-15,Eiger shares plummet 40% after phase 2 trial failure
2018-01-15,GE stock's big selloff has little impact on Dow's price
2018-01-15,GE's credit rating affirmed at Fitch; but risk of downgrade increased after insurance charge
2018-01-15,UnitedHealth's stock surges after profit; revenue rise above expectations
2018-01-15,GE's stock sinks after unveiling $6.2 billion charge in Q4
2018-01-15,How Mark Mobius changed retirement investing for the better
2018-01-14,Which markets are closed on Martin Luther King Jr. Day?
2018-01-14,Dow futures rise; setting up blue-chip stocks to blast out record after holiday
2018-01-14,Wal-Mart to offer one-time bonus of up to $1;000—but only for 20-year veterans
2018-01-14,Kodak stock pulls back; directors disclose acquisitions prior to ‘blockchain’ rally
2018-01-14,Retailers including Sears are facing a brighter new year — but there will be casualties
2018-01-14,Sarepta is making a bold bet on genetic medicine
2018-01-14,Here’s what all 30 companies that make up the Dow industrials think about the tax cuts
2018-01-14,Sam’s closures quashed PR bonanza of Wal-Mart pay hikes and bonuses; but analysts have eye on longer term
2018-01-14,HP reclaims top spot in PCs; but staying there isn’t the top priority
2018-01-14,Here are the 3 things that could stop the stock market in 2018
2018-01-13,Coca-Cola rebrands Diet Coke for millennials; but what’s in the can may be the problem
2018-01-13,Here’s what could trigger a 30% stock-market melt-up; says investor Bill Miller
2018-01-13,Dimon thinks even his own economist at J.P. Morgan is dead wrong about GDP; predicts 4% U.S. growth
2018-01-13,Weekend roundup: Netflix and FAANG stocks | A market melt-up | Dividend stocks
2018-01-13,Investors pile into stock market as ‘bull capitulation begins’: BAML
2018-01-13,The Dow and S&P 500 just had the best start to a calendar year since 2003
2018-01-13,Stocks end at records; book weekly gains as earnings season kicks off
2018-01-13,Main stock indexes close at records as earnings get underway
2018-01-13,Russell 2000 up shy of 0.3%
2018-01-13,Nasdaq Composite Index posts 0.7% gain
2018-01-12,Dow Jones Industrial Average advances 229 points
2018-01-12,S&P 500 up 0.7%
2018-01-12,Russell posts largest weekly gain since September
2018-01-12,The Dow and S&P clinch second straight week of gains
2018-01-12,Stock indexes all end at records; Dow jumps more than 200 points
2018-01-12,Bon Ton Store bonds tumble as deadline for $14 million interest payment looms
2018-01-12,As promised; big bank earnings were messy; but CEOs keep faith in tax cuts
2018-01-12,U.S. benchmarks take flight; extend statistically unusual 2018 breakout
2018-01-12,Holiday retail sales a case of haves; have-nots: Internet sellers soar; dept. stores fade
2018-01-12,Holiday retail sales increased 5.5% in 2017; exceeding the National Retail Federation forecast
2018-01-11,The Dow’s blistering climb helps it log the fastest run-up to a midpoint milestone in history
2018-01-11,Trump Today: President reverses his own criticism of FISA
2018-01-11,IBM installs new CFO
2018-01-11,Major stock indexes close at records ahead of earnings
2018-01-11,Stocks end at records; driven by rally in energy shares
2018-01-11,Dow finishes up 0.8%
2018-01-11,S&P 500 ends 0.7% higher
2018-01-11,Nasdaq Composite finished 0.8% higher
2018-01-11,Dow finishes up 0.8%
2018-01-11,S&P 500 ends 0.7% higher
2018-01-10,S&P 500; Nasdaq log first down day of 2018 as all major stock indexes drop
2018-01-10,Dimon’s many bitcoin moments of regret; in one chart
2018-01-10,S&P 500; Nasdaq break six-day win streak
2018-01-10,S&P 500; Nasdaq halt 6-session win streak as bond-yield uptrend gains steam
2018-01-10,Dow finishes little changed; ends off session lows
2018-01-10,S&P 500; Nasdaq shed 0.1%
2018-01-10,Report that Trump will announce end of Nafta pact adds to stock-market jitters
2018-01-10,‘Black Panther’ outsells all Marvel films in first 24 hours of ticket presales
2018-01-10,S&P 500 slips a point to 2;749; Nasdaq off 14 points; or 0.2%; to 7;149
2018-01-10,Dow industrials edge into positive territory; up 12 points to 25;398
2018-01-09,Cardinal Health fires back at Amazon health-care threat: You can’t beat our prices
2018-01-09,Dow industrials log a record; set sights on 26;000 as banks; health-care rally
2018-01-09,All main indexes close at records as S&P 500 has best start to year since 1964
2018-01-09,Dow closes up more than 100 points; S&P 500 rises 0.1%
2018-01-09,Nasdaq Composite ends less than 0.1% higher
2018-01-09,All three stock benchmarks finish at records
2018-01-09,S&P 500 marks best start to a year since 1987
2018-01-09,S&P 500; Nasdaq notch six gains in a row to start 2018
2018-01-09,All three stock benchmarks finish at records
2018-01-09,S&P 500 marks best start to a year since 1987
2018-01-08,S&P 500; Nasdaq close at records; Dow snaps multiday streak
2018-01-08,CryptoWatch: Cryptocurrencies see $100 billion hit amid South Korean clampdown
2018-01-08,Artificial intelligence made new ‘Star Wars’ music; and this is what it sounds like
2018-01-08,Why the gain on Monday; a ‘big day for bulls;’ could suggest stock gains of nearly 20% in 2018
2018-01-08,Consumer borrowing grows at its fastest rate in 16 years
2018-01-08,S&P 500; Nasdaq end at records; Dow breaks 4-day win streak
2018-01-08,Nasdaq finishes up 0.3% to mark fresh record
2018-01-08,Dow slips by 15 point; multiday streak ends at four
2018-01-08,S&P 500; Nasdaq haven't seen a negative close in 2018
2018-01-08,S&P 500 rises 0.2%
2018-01-07,Dow off 14 points at 25;279; S&P 500 trades flat at 2;741
2018-01-07,U.S. stocks open flat; taking a breather from record rally
2018-01-07,Shares of Boeing Co.; Goldman pressure Dow at the open
2018-01-07,Dow trades at break even level as 3M shares slump
2018-01-07,S&P 500; Nasdaq open little changed; threaten to end lower for the first time in 2018
2018-01-07,Why only a tiny percentage of Americans benefit from Dow 25;000
2018-01-07,Whirlpool appliances to communicate with Apple Watch in early 2018
2018-01-07,These stocks have been a ‘trendy’ trade; but they now could finally break out
2018-01-07,Jeff Sessions has delivered a blow to the marijuana industry’s ability to raise capital
2018-01-07,Weekend roundup: Dow 25;000 | Ripple and bitcoin | Artificial intelligence
2018-01-06,Apple stock will move higher in ‘super-long cycle;’ says longtime bull Piper Jaffray
2018-01-06,Head of largest hedge fund says economic downturn could leave U.S. ‘at each other’s throats’
2018-01-06,As stock-market milestones fall; investors look ahead to the next record
2018-01-06,Dow logs 220-point gain to end stellar first week of 2018 for the stock market
2018-01-06,Dow is a quarter of the way to 26;000 with a more than 200-point rally to end week
2018-01-06,S&P 500; Nasdaq book biggest weekly gains in more than a year
2018-01-06,U.S. stocks end at records as tech; healthcare stocks rally
2018-01-06,S&P 500; Nasdaq close at record for fourth straight session in 2018
2018-01-06,Dow gains 1.4% over the week; largest weekly advance in a month
2018-01-06,U.S. stocks end at records as tech powers equities to fourth straight daily gain
2018-01-05,Trump floats Dow 30;000 — here’s how you can get to that milestone safely
2018-01-05,Don't look now: Dow already a quarter of the way to 26;000
2018-01-05,Dow rises nearly 180 points at 25;250 in late trade as stocks pick up steam to end week
2018-01-05,Dow rises 170 points at 25;248; S&P 500 index climbs 0.5% at 2;737
2018-01-05,Nasdaq adds 0.6% at 7;121
2018-01-05,Stock-market gains accelerate with less than a hour left in trade as Fed's Mester underscores job-market strength
2018-01-05,Stock market gains firm in late afternoon trade as Wall Street set to wrap 1st week of 2018
2018-01-05,Dow up 140 points at 25;215; S&P 500 rises 0.5% at 2;736
2018-01-05,Nasdaq climbs 0.6% at 7;121
2018-01-05,Tech ETF on track for best weekly rally in more than a year
